{"cameraMode":{"drawMode":0,"name":"Shaded","section":"Shading Mode"},"sceneLighting":true,"audioPlay":false,"sceneViewState":{"m_AlwaysRefresh":false,"showFog":true,"showSkybox":true,"showFlares":true,"showImageEffects":true,"showParticleSystems":true,"showVisualEffectGraphs":true,"m_FxEnabled":true},"in2DMode":false,"pivot":{"x":148.8629150390625,"y":355.1202087402344,"z":41.0845947265625},"rotation":{"x":0.00749981077387929,"y":0.005999794229865074,"z":-0.00004499942224356346,"w":0.9999539256095886},"size":485.3421325683594,"orthographic":false}